title,year,imdbId,tmdbId,lastApiCall,lastApiCallFailed,cachedYear,cachedRating,cachedOverview,cachedGenres,cachedRuntime,cachedSeasonCount,cachedImageUrl,cachedFreeServices,cachedPaidServices
The Shawshank Redemption,1994,tt0111161,,2025-11-17T11:09:18.318Z,true,,,,,,,,,
The Godfather,1972,tt0068646,,2025-11-17T11:09:18.318Z,false,1972,90,Winner of three Academy Awards including Best Picture; Francis Ford Coppola's epic masterpiece paints a chilling portrait of the Corleone family; balancing the story between their family life and the ugly crime business in which they are engaged.,Crime|Drama,176,,https://cdn.movieofthenight.com/show/82/poster/vertical/en/480.jpg?Expires=1784692888&Signature=Ri0td0ptc8F0jvoVJRFvZJVasv1AiAuWNE9B9yFyOtN1MgfEDMzwOFTvx8sRy4PYyGcVSNATUNlkNqaIVYmBopRHT~zZix2wJq15UC7j4Un1oq4UMAbH9gJtUl3HOv61HziEaxPheK7XEEVfqSeiAP2MKMT23Y4pQkoshgVrSN3ep~wr6OIu8G9~XcnQiosu~VuHxArtlXNueGftzkrGue3hAbORQntPVqVjSZ28IyaHyb5MLft3M7rQogWNMTWhy1emqACeiqeKbUYf7apJ7SbtalfigV0yLpdz0DxM08ev2ahhbyhu94PN4mozGrdq5kWhrji0pCRbgNk4UB0N2Q__&Key-Pair-Id=KK4HN3OO4AT5R,Hulu:https,
Casablanca,1942,tt0034583,,2025-11-17T11:09:18.318Z,false,1942,84,American expat Rick Blaine owns a nightclub in Casablanca; frequented by refugees desperate to escape German domination. Despite the ever-present human misery; Rick manages to remain uninvolved in World War II now raging across Europe and Northern Africa. But all that changes when his ex-lover; Ilsa Lund; walks through the front door of Rick's club. Rick must now choose between a life with the woman he loves and becoming the hero that the world needs.,Drama|Romance|War,102,,https://cdn.movieofthenight.com/show/519/poster/vertical/en/480.jpg?Expires=1782487331&Signature=YiJxhkB68N4MFBB0OFw0-Rxr0yFIbN7pQ14f1SVDk5SiyJSNhMAW~95yy96xLq-PbiqQ4p2DotJzZ75WHRg0wPR2bw4gl1qCEwcjnzBWjFdmNOmIOoiao7y-ms31kqxniWYi3pwnyfKITIAmv12BRpDO09CWSywBHRPcMbUEEINLFbC7JxjV3Ivwnjd2O0U0Bt34TkbZY~3Ql~kVYIzDm7LM8PiTtYx4fW8LzGRpeVXnHXmxVcotzBbhy9-TfqFsRULSfLWne7eS0~27tdemL17JDskSOZ3nmme5CpLW3EoeRjblok5ZObSoSXx-i3lRPrh5-yU-Q04mimLXGcFjyQ__&Key-Pair-Id=KK4HN3OO4AT5R,Hulu:https,
12 Angry Men,1957,tt0050083,,2025-11-17T11:09:18.318Z,false,1957,88,A twelve-person jury becomes increasingly tense with arguments continuing into the night as one juror must convince the other eleven he is right.,Crime|Drama,92,,https://cdn.movieofthenight.com/show/277/poster/vertical/en/480.jpg?Expires=1784704954&Signature=WHzkIcTUqj4Hosn2wr5BdeLE4oxKj8maj8jPNY6hVh~pzCNFiAEhmRIiDrIpPd0HYrHPZP1HhgpK90hwrsI1aW~CLNsTANwwZEGBSCoZBE8vN5QwUbxZ44FOdq7m2blOAIH-6K-pf~8MN6twpVLH20KyBu8I0uKUUuzukeJ2QD0LqgUWJuNzvkxrrQL9p15SM05U2ZXB~5cODlpQDX97FdT09raeqzIDtKjdZSuCw~yxvhz6jQZDBgwOVOQPQsf1LmexmT6ePgiI92TY6ppIgF0a8huQGV7p2YIRm5BFmPcwH8yr2H-iNzLnGtByv8mX0o-Gzq1grQxW1htW8wy2LQ__&Key-Pair-Id=KK4HN3OO4AT5R,,Prime Video:https|Prime Video:https|Prime Video:https
Schindler's List,1993,tt0108052,,2025-11-17T11:09:18.318Z,false,1993,89,Liam Neeson stars as Oskar Schindler; who tries to save Jewish workers from the Nazis. Violence/strong language/mature themes/flashing images. (1993)(188 mins),Drama|History,196,,https://cdn.movieofthenight.com/show/112/poster/vertical/en/480.jpg?Expires=1784706361&Signature=cSgenObZb3ilndMFOOOP8t6ehb6VEE1NAPhBNh996rT9FGpo2mzCPjDipX7Ysxq6YLN44GXQGenyBwUWU2u1CYv~4kEWjZPZdIZ6p9eDyqlNLNFf5b3O1jtqixJE3C3fep6d3zE9Jj89QauOWcjO1mL7pd7Hami352O9Yf7KccK7Qdf~Zu~Abjm9~IYEOsDgVl2Vfnkte0qYanavWBpZ4RFhbXaJufx-SeclfxRI6oV1Fy2VSTvjSDg4A~baEsLGVzrc~~0SdAaQ5ROdT6vi-OQaqHl8cl2zCoQz9-3~UiWOHJXjT3NRmNFyJ-LgZINjn0ECNhWosnrd4LBm0eGEwg__&Key-Pair-Id=KK4HN3OO4AT5R,,Prime Video:https|Prime Video:https
The Sound of Music,1965,tt0059742,,2025-11-17T11:09:18.318Z,false,1965,80,A tuneful; heartwarming story based on the real life story of the Von Trapp Family singers; one of the world's best-known concert groups in the era immediately preceding World War II. Julie Andrews is Maria; the tomboyish postulant at an Austrian abbey who becomes a governess in the home of a widowed naval captain with seven children; and brings a new love of life and music into the home.,Drama|Family,175,,https://cdn.movieofthenight.com/show/1808/poster/vertical/en/480.jpg?Expires=1782484673&Signature=hCJKU3W5TPYCNQDMmUbJ6IFd01riplNQwCgpmtJWEHB~uu5okS~AEsNQ3wq-XsgXxmrOQGDX0J9skGf7lg40Ee26K9EfsBHaCX7tLfvFsT6kNCZAuAnJ666ocC6Szr9MJxhWdGjH0Nqzt7jqkC8zs9Oh8j-4kDmTnYo29wdUiRYBd0H81~JFRq1zDy4fgu1CthkMUnmx0dz4R9Hh66UWiXDimxexgIXvh6kwvXOo1JvtuyhfdJi00LY~OvZwGGIXciRJGYcOQRxdXYdjeluRFt1oZTkPXEYu7UoIp0t6aekGKuS-sL-hDv8lWYTZD9RIGB7c83deqOD7E3nlhDqtbg__&Key-Pair-Id=KK4HN3OO4AT5R,Disney+:https|Hulu:https,
Forrest Gump,1994,tt0109830,,2025-11-17T11:09:18.318Z,false,1994,87,Tom Hanks gives an Oscar-winning performance as a simple-minded man who becomes a war hero and businessman all while pursuing the love of his life.,Drama|Romance,142,,https://cdn.movieofthenight.com/show/74/poster/vertical/en/480.jpg?Expires=1784706545&Signature=NJM6bfT7ym07TzQPRZOqVuPlTFUwsbwWAEWxzpQ4D5wJ3J4kPirWjhxebK7kUlrr2uhntZQVT2FPpDA~iMhksbD0NkeXFTbQW9-VKJpbplnQ~3WZJsid7XhSMoUxq91IzmFwnO0KDUaAPfEHHB-ksxbF4I0jLn8u8VWAsEvciCvCMFBP6mh9O~zGNW~8HWi585I4SGVpUDozBl9B8uW6xx63-FyzH2vnzT7e5a7lE9ZSP2Sqb4JAhUrbirsQeHJwqKoF~Wzvwu-67Jf4-ds8d~otxZLHh4dUQxdHwSm~w~8-zWU1VLRBqVPWB-nCBYG2fpGThT0WdlTjNY7HkTuFBQ__&Key-Pair-Id=KK4HN3OO4AT5R,,Prime Video:https|Prime Video:https
It's a Wonderful Life,1946,tt0038650,,2025-11-17T11:09:18.318Z,false,1946,85,The holiday classic to define all holiday classics; It's A Wonderful Life follows George Bailey; a man with so many problems he is thinking about ending it all - only for an angel to show him what life would have been like if he had never existed.,Drama|Family|Fantasy,130,,https://cdn.movieofthenight.com/show/704/poster/vertical/en/480.jpg?Expires=1784701163&Signature=TQ31IX~HSbbXOxVm8I8UQqAe6WGkfo0PEGQfBV0AiVOu5iXAu62PC02rMMLMVPSOtDZ9TwCHD~DYuabv-6cXZg7NsMOK3tbZm4uBs~s8JjsrBjkkzZXu-pUJC0v26DXHhV36xluvr6YDCPxf8GoEfCnub0Io1ptqY2mqwrFEHXtMjN7qHrtiLvBSNmI0j-vB6zvFc~yCaInZvcaL7e2hWGr0Fo1~Yu7JUUqu9dqQam32x3HSy5kGoIQhwTAe908Qi3ZqOxKjy06s7prJrvDADVywbXJgK5fwjk3qmnyfQcm9nhOvltUL2HqLSIR3~mpAv5O5X5hKYhN8FS9Me8b9MQ__&Key-Pair-Id=KK4HN3OO4AT5R,Prime Video:https|Prime Video:https|Prime Video:https,Prime Video:https|Prime Video:https|Prime Video:https|Prime Video:https
To Kill a Mockingbird,1962,tt0056592,,2025-11-17T11:09:18.318Z,false,1962,82,Atticus Finch; a lawyer in the Depression-era South; defends a black man against an undeserved rape charge; and his kids against prejudice.,Crime|Drama,129,,https://cdn.movieofthenight.com/show/1208/poster/vertical/en/480.jpg?Expires=1784695536&Signature=C5D-5LmeLgjEK0QRLgIN7KgB8yiuHOLelyIkea7m5Z8IYe-S1uLvUVnSSmXUFpMSntjXEJrk363EUcVncUkj6ToR585LW2m1f8C0SaWPSmxOeDw1c2MQ17ZMktstxhxzcnj7i8~aEb-y-sGTlru5vy1kj47i4MIDCwSiOHw91zwWC8~nc946CMyB1mj6pFWrDGPTBBpLAc4jUJA60Z03rEkkIlMRp~AHPKCHtCUUl3pzd1U8kF8XyMI5HyYm-ELZ-1XWNLTIIn21hyzgOvmBcMDLkoJsrUmhAtLnCEWhR4haPkiH4oxym0JKPrIpAWnbgxGrHYYTW2J722EgUhNk1w__&Key-Pair-Id=KK4HN3OO4AT5R,,Prime Video:https|Prime Video:https
Gone with the Wind,1939,tt0031381,,2025-11-17T11:09:18.318Z,false,1939,81,Classic tale of Scarlett O'Hara's battle to save her beloved Tara and find love during the Civil War.,Drama|Romance|War,225,,https://cdn.movieofthenight.com/show/1215/poster/vertical/en/480.jpg?Expires=1784695694&Signature=lr~kZJR8w41p1t0WmiJVlihLm1AWdMWnNl7LkiMPs2QeerwgvM-Ayy4MGJiVyWFdeLu1GZtQ1aYMmUFoZsMmdjz5qlh6Z3QIfINrT5NK1eMCestAbTuQkJd7PQf-d4EyUVjAtlWBKmq0Yx~cc1YlPbmj8ncUa9eWI9yZFiGkMzKV6wKME~gS8J9dVl22TqEvb7EIMr1bPdt0JIxdm-8yE2JdM6Gq3WYgX5WDJhreSF38o2bWx1~MsIZFzvyA3fZxuo6wVKveIDtgec87rhMXegtki4BswlMrTZBZjihkSxcWrl5-IN98k3qr2hsuKhdP9BpsR4nX-6UxoaJxMhMt6Q__&Key-Pair-Id=KK4HN3OO4AT5R,Hulu:https,
The Green Mile,1999,tt0120689,,2025-11-17T11:09:18.318Z,true,,,,,,,,,
Rain Man,1988,tt0095953,,2025-11-17T11:09:18.318Z,false,1988,79,A wheeler-dealer meets his brother; an institutionalised autistic-savant and heir to $3 million.,Drama,128,,https://cdn.movieofthenight.com/show/596/poster/vertical/en/480.jpg?Expires=1784701770&Signature=AD0TIUfoOB844Mpu2p-F1mVlBoiDZ3831ooqV-8~TwifpHh-AeKODGBByGvk13vO1SWAYZttCT4txejEShvxgbNP8wCtMh-ks4Sl6duky-3ihtA8XTRSQ9is5hnqQO7eJjXfnsKe-Q-PIOmCrv~9feJII821LobEAtcu-Io5eCCNarlnEgpbymPkZvcwa5VzyZ~3A~x7gTvR9hRyHYa38g4J~oCDUwJEo6lAwm7~ZFinRMPEjLiEWh2vXxV3CPWBKyYqVjG~wUmhCpTG01jNjiL3dIu0B155CVhgxzpFBxl9QC~JfnnxemHsfqZnln-RWSG~OJtvqqJ2ICc5DEXMUQ__&Key-Pair-Id=KK4HN3OO4AT5R,,Prime Video:https|Prime Video:https
Driving Miss Daisy,1989,tt0097239,,2025-11-17T11:09:18.318Z,false,1989,72,Elderly Jewish widow Daisy is determined to maintain her independence. But when she crashes her car; her son arranges for her to have a chauffeur; an African-American man named Hoke. Daisy and Hoke’s relationship gets off to a rocky start; but they gradually form a close friendship over the years.,Drama,99,,https://cdn.movieofthenight.com/show/4139/poster/vertical/en/480.jpg?Expires=1784746218&Signature=O1mc-fK~MTSpyp1WAFX8g5vq4VGD~jtfO0YKAxxUPIlJLnNMvPcoAbN4cC74jigbvAW0xvcboCTZae-9NKign9qsLWUNXHyC8I6ZNlXaoAQ3EkaQcE45YC4UZES58hfbErO8h84YROsj3XPx6qKmng4e7JqTife8C4itChI0dbDRFiHKbiWk559k6BWXatUXo~h66vdP4f-iqry3PItXTdTtz5piBf0YtZX9xken~ZQJp8l9QruN0L2N~xKsnFUUmUDxdY6t3DgannKzhxQrdgycwvZoLXnoj129Nvcc~u1iPzS~r--~vwc8ozxJRa-eS~BBESddPaa30Sn1UIur1Q__&Key-Pair-Id=KK4HN3OO4AT5R,,Prime Video:https|Prime Video:https
The King's Speech,2010,tt1504320,,2025-11-17T11:09:18.318Z,false,2010,79,Based on the true story of King George VI (Colin Firth) as he reluctantly assumes the throne. Considered unfit to rule and cursed with a nervous stammer; the unprepared monarch turns to an unorthodox speech therapist; Lionel Logue (Geoffrey Rush).,Drama|History,118,,https://cdn.movieofthenight.com/show/370/poster/vertical/en/480.jpg?Expires=1784703459&Signature=ceCnRuNBITsNq1LztLOqybepaRwgCx6yENIw4-3xNjhw-R0wWN9v2KP~WwczW6e7nBj~b82Sixfwb2RC9US7R7yJZ~~Tf69kB-PdGRiVV~5x5nSAaMqaIVn4kuA6xTm1LiRSpBIxUDFBdFzd6QKdaXn9qEi0-KjQqXFb7fBAuo~PeWYHbjWuhTyG~1p0LtyXVd4Xw6iQ~vZbMWRIn-CbeR8KN~dPYU3uNce-7~-jiXS6nxJoIoexY953UtbqBGtS-o4zi5JOfkYa8mLlwxlMPZUyXuZv7myH44yyYpeisewdZ-XVNNE-xc1k5RuX-1nUHZsyMsYm1zeOQ-nualuhVg__&Key-Pair-Id=KK4HN3OO4AT5R,,Prime Video:https|Prime Video:https|Prime Video:https
A Beautiful Mind,2001,tt0268978,,2025-11-17T11:09:18.318Z,false,2001,81,A Beautiful Mind stars Russell Crowe as brilliant mathematician John Nash; on the brink of international acclaim when he becomes entangled in a conspiracy. Now only his devoted wife can help him in this powerful story of courage and triumph.,Drama|Mystery,135,,https://cdn.movieofthenight.com/show/206/poster/vertical/en/480.jpg?Expires=1784700760&Signature=e9ojw9VY9Lx86ca~y~Pv~wMf1MfthoqPNfCBkafZI2vYm1XY7hxykzsAjMwL8WMHQ2f5F~tGErgSjnG9UmlKNCRLEDnM4vPrYvH4JYEHqUXxXe5Euz9yC0vMr5GcxIuhBIZ5pLm0ajcLDKNBwxkgoxPV11JLDenGHKsRWyUmSvu2bhtqbKa1gm~zFLwDuRtx7t0Vx7EPufukmzhXnrrsN-VzcgBWGqQrNKpY92sL1VV95GxUPyiBI3TM-BvudCf1mjf~lRJlhakmj57TftmXxYNyEJvOSohz7YXhScTj28Fv7AI5tlhCjUAInXfKgpO1jSPvs7D1OTSx1VIawY3drA__&Key-Pair-Id=KK4HN3OO4AT5R,Prime Video:https,Prime Video:https
The Bridge on the River Kwai,1957,tt0050212,,2025-11-17T11:09:18.318Z,false,1957,80,A British POW orders his men to build a bridge.,Adventure|Drama|War,154,,https://cdn.movieofthenight.com/show/1980/poster/vertical/en/480.jpg?Expires=1784909959&Signature=BLeQON1sSWkH6fxY3iHItaxualFJnYrWSRj8PdWvLJMZFfA1JU15cp3myMyRCAHsTSNR8ugToq8VM0If0oO46Z6ZTSkUhxtXzJ4f3JwIIO~grzAI~wk8gG7J2LHyrXpHwhkGpj5SIA1PxT5WxXfh70F1Fkvamqcd9wLQjqsBfH2-uAuSiDmGuEHwcvASIWG5MWRI20CY1vak7uS5pc~0CBPPFGgG0jfesHml7c0ORwy3DYvHPMAlokMxc5OZB~u9rycidRg~rP9olmb5v496~6cYo8mIJ6mqPWKrjcpONIXe1mnMF9twoeR19MoszzaoW7UEGGvFhXn0D-g-EpFD9Q__&Key-Pair-Id=KK4HN3OO4AT5R,,Prime Video:https|Prime Video:https
Lawrence of Arabia,1962,tt0056172,,2025-11-17T11:09:18.318Z,false,1962,82,Sweeping epic about the real life adventures of T.E. Lawrence; a British major who unified Arab tribes and led them in the fight for independence from the Ottoman Turks in the 1920s.,Adventure,213,,https://cdn.movieofthenight.com/show/1339/poster/vertical/en/480.jpg?Expires=1784694615&Signature=Bhc48fwNftVC0cnlFHqbegMdxCuj8-cdyMUhHqL1wfXOtLaHSfia9xQrUqEhvxnsG-wSQgB9rq2QsL2delX-uotEfItVoo4H6i05YQsxP3rb5PYnI~XDHkc-4X0GjO0DMDFWF5pZwwJqZixBDNR7-3nvKpAkDcqmfDasOtX~83kIimtchJTVXTK-0Oia0cacIXFRYmb1I4p~twcSHfaCCupNIkNsAKfU4J1y8fAVoXvk2aqIr6P8Q7yMQYc8ZYtZycdYXMK9niTCpAnRcuvcfpomLefSMULYzidMFYyKS7ivlPbre4gwkyrj9SqQoDtXyVzC~dG6rcB3FDs0miGwcg__&Key-Pair-Id=KK4HN3OO4AT5R,,Prime Video:https|Prime Video:https
Doctor Zhivago,1965,tt0059113,,2025-11-17T11:09:18.318Z,false,1965,78,Illicit lovers fight to stay together during the turbulent years of the Russian Revolution.,Drama|Romance|War,185,,https://cdn.movieofthenight.com/show/5692/poster/vertical/en/480.jpg?Expires=1786632135&Signature=W4LYy7ZZs~F6LYUCLNwR8V3iDDJepg71peDZC3HhYnB5McSDmkrFssAa1iIqVHOxrlTadf~sXsEOQyOF2uxxz-MGt41yMUXyGpOKbyUwjJ0KL1Zh1txWuWPzu1UpZQ8Zrg1syM1QX7qAHRFzybzvgYSTYi8l3tYgI7bcoZZ72CghAD1OGSLfVKDSPGo1FDAjLhZfpze6cihpO7f3cRvg14zKr0V9ItZF20KM9uVFr78On5Y6BRTRdSjuB9GtlurRZriQEVC9-whnUEM-D7wrrPdE9DbH5XSSanYPbj1-Axv7-LZ2IVCThsma3bVoJF38SP1KJ26osNO5Vt6NDLEnbw__&Key-Pair-Id=KK4HN3OO4AT5R,,Prime Video:https|Prime Video:https
Ben-Hur,1959,tt0052618,,2025-11-17T11:09:18.318Z,true,,,,,,,,,
The Ten Commandments,1956,tt0049833,,2025-11-17T11:09:18.318Z,false,1956,78,The story of Moses who is banished from Egypt but returns to help the enslaved Hebrews and lead them against their overlords. He frees the Israelites from bondage and takes them to the Promised Land.,Adventure|Drama|Family,220,,https://cdn.movieofthenight.com/show/6085/poster/vertical/en/480.jpg?Expires=1784750437&Signature=FcDAg-IZi4T6ETXkAy9yUvZs7g2w-Vm6cxPqTzj8GFE-WX~Vk~bcJBYB~oSCegle19iw~3yE2p6W8uiU3Va6CKTCYrfkLBu39-ZBP2PDm7cmCZ0onQfJk7P4s8bOy94ad~Guaewiqh-LvfIbVCcF2xRVnu1vgsiY3QgfUFoyZ~87Bg6W~XIAokld-e9dpM0rsvj-~zjzpyXv81WWIyXtkSz6V3ETlcG8QwdSx30q3DY19NhEjVN0McpBOK7k5YuDFLT93fHkX7ACXuqMJHX9~bD2ue381p3FrgkeI5tDNknU6uojg62WLMMI5Xpr4PsS8PC5pSILIPf6qM4al3wQEw__&Key-Pair-Id=KK4HN3OO4AT5R,,Prime Video:https|Prime Video:https|Prime Video:https|Prime Video:https|Prime Video:https
Singin' in the Rain,1952,tt0045152,,2025-11-17T11:09:18.318Z,false,1952,82,Gene Kelly stars in this musical about a silent-screen star who finds love while trying to adjust to the coming of sound.,Comedy|Romance,102,,https://cdn.movieofthenight.com/show/1729/poster/vertical/en/480.jpg?Expires=1782484147&Signature=Upb6QuEm-XvCTfHHs~Mn5gi1UFNr8nwxwTQxNqbHnh25Ho2PmAEHrWmEKltjwxeUhGuX0G7olv-bMfJMD27TrlVY83Qb1CGUBgPTuXtgzxZtGfBc9E1VnOzmFLcZHnX2qOHnr-aZLMf2sJkyGeRCpEvaBnj7mzW5OEB~A1XXsevA0cDvNhut3Nyfq1Q4hQvqYolx4oNoxgosyME-OyJpP0zel6jiS8xBQfLc9HLihdCEWmBpVPAthMG3tQbUdppZOI0bM3hELfpAv1tPuYKp6629QwR5UYwEtmAsLThQTcxOf913XYUToLZtC2A4QSp~Lr-aM2ka6mczMZktv1Snww__&Key-Pair-Id=KK4HN3OO4AT5R,Hulu:https,Prime Video:https|Prime Video:https
West Side Story,1961,tt0055614,,2025-11-17T11:09:18.318Z,true,,,,,,,,,
My Fair Lady,1964,tt0058385,,2025-11-17T11:09:18.318Z,false,1964,76,Multi Oscar winning musical; based on George Bernard Shaw's `Pygmalion'; about a phonetics expert who; for a bet; takes on the challenge of teaching a Cockney flower girl to talk like a duchess. All the songs from the stage musical were retained; including `The Rain in Spain; I Could Have Danced All Night; With a Little Bit of Luck; and Wouldn't It Be Loverly'.,Family,170,,https://cdn.movieofthenight.com/show/4724/poster/vertical/en/480.jpg?Expires=1782742617&Signature=cJQE6afuzm6NaEgelqSNy9qZC2KqhWt0uUuHjBJpM4DaunByrQKbTP6S2GjOAUJrkWImKbV5yOgUM1K9v2HxmtAJLihTE1~6yL9BxtZ45Zl9UEAlI2Vo~YJX4EFPJZJIP4XPF1hJ-ViS0dW3bDGeL2nC6KeTczdpH0wgiIAwajNuWIjHKQ91lxagQ--cZ4n3XqIMtRSV69XpL46TndQResuUkW9jkw5YJYdW3~XjSyChbRq1IjvhzjRrPrftNXDKsmHv6zLjwULnEAUPWIEeh9S3JqKnDK1MrtRo7U7--NfoR87mMKJ583noc38LNY3VdiVj78SaknmYeL8T7j7fdg__&Key-Pair-Id=KK4HN3OO4AT5R,,Prime Video:https|Prime Video:https
Mary Poppins,1964,tt0058331,,2025-11-17T11:09:18.318Z,false,1964,77,A magical nanny reconnects a father and mother with their two children.,Comedy|Family|Fantasy,143,,https://cdn.movieofthenight.com/show/2616/poster/vertical/en/480.jpg?Expires=1784712021&Signature=dL8HgaJEawqGCBWBLtgeUBK-AbY7OrnGOl44jr8rjOyI636LpM-Y6vydiJ0Yv0wpioi5YrUWtr3AX-10guJan5yRZAI6vEr1eFiLx0ocXTxr4FVKFPgWenYRjmvTBwaqL44VPNHViMkC6ADV1G8Ynhn8a7gsS~P-bQTOTST939BQ7Pv0a9o5p1~9wToJnJQLwPPImUIMvBfygnH4lzQr1PEIa6GcilnZJ9Ij5hFwsIHc1nZfrVBdTp-wrmYOAm9o2auTY5VJ~c~yf~xNCpwuEiSuHHplJVARdnM4Q-q7266onoF3WjeeoPlNkwWLq1xr~nVmaatbIsrIwSP7ARmlug__&Key-Pair-Id=KK4HN3OO4AT5R,Disney+:https,Prime Video:https
The Wizard of Oz,1939,tt0032138,,2025-11-17T11:09:18.318Z,false,1939,79,Farm girl Dorothy Gale and her dog are swept away by a tornado from their Kansas farm to the magical Land of Oz; and embark on a quest with three new friends to see the Wizard; who can return her to her home and fulfil the others' wishes.,Adventure|Family|Fantasy,101,,https://cdn.movieofthenight.com/show/883/poster/vertical/en/480.jpg?Expires=1784691985&Signature=KFI6aNUiZR4c-WweaPRw~dQYAKrIXWGr-2lRq0kpSctZWsdjNYkwsUs2cbyHRkaSsr1v8HtEZN0~jBZOTuvgGHrG8-467TyWB~IjPMDLe3ERbj6IJvyUcb~A7XQpHH0gUoFDZ-QR-QBOiz2artgwVAGk-TpBIJ-SdSVBUJObhi1ik9TvAKl4Ehz9~C~C-OvrRYYCRRWpBiQYKtBG-mOef-46qt82y8DFjlGSpNKT0xZvDGS8OTp3XsDzlj4YwU2nJY-SDc7TLpCL3UO15J4bnwhTUrNv-0xG26kEmXmiMvI8QHYBv1UmXpe8L~3q8qQ2utU~pL~fPqG4KX69HXOO3Q__&Key-Pair-Id=KK4HN3OO4AT5R,Hulu:https,
Citizen Kane,1941,tt0033467,,2025-11-17T11:09:18.318Z,false,1941,81,A psychological study of Charles Foster Kane; a powerful newspaper tycoon whose idealism was corrupted as he rose to enormous wealth and power.,Drama|Mystery,119,,https://cdn.movieofthenight.com/show/759/poster/vertical/en/480.jpg?Expires=1784700177&Signature=QrtwJKaP2MrNKjsWGp0mVegH782yUCYXrFxGYedZZMbvBOkPSX8zeTFerYLF4~mEevHg~xFRvQ80axl~ErrDwHMRmeMjJK4hgiV2nYqCVed2CDjEDCZkdE3XjX76sIsjCW2HYW8E9J9uDw9lDBIzImMPHgHWO5ILF~AFZQxj-HyRWf7Ghh81vwpnkVRb5sadI2CtZ8WT2Zq5WR6lw-N7D5liVDSIwTYg3CrKhHa2Ngr1OAjWLXzQ6lxRL-BJMtM~VXTWtNzTvZsmgv~nY6ksrTXIgM6Sr5Ih0G6MviI2sU~431YDM6BQ-tDvnlKvpEKyNZcisUnsmtqW0dAQkb1llA__&Key-Pair-Id=KK4HN3OO4AT5R,,Prime Video:https|Prime Video:https
On the Waterfront,1954,tt0047296,,2025-11-17T11:09:18.318Z,false,1954,80,A prizefighter-turned-longshoreman with a conscience goes up against labor leaders to expose corruption; extortion and murder among the union ranks.,Crime|Drama|Thriller,103,,https://cdn.movieofthenight.com/show/2946/poster/vertical/en/480.jpg?Expires=1784732059&Signature=gpUTsuFfVGsylgQf~softiFDODufieayMU8-whirkuLUlBh2nyk67sv61lq4Ze66ByDmTUE-bNdf7OpNKxoIu4q7Nj61HmdIpD7mNz0TYWKVqgEn0U7--VNgttQXEyIIPaOVE5XtKUXW7JPxQfnzzlCYJAXEAvgoXRC5Q8mlFsjNZKSa52PZptf4165VPG8aMB9crC68ZIcmMVXtiO3S1XPy-imMOhv6yZTH8U1i9Ma4Gy8Ss0IO4ZI~XaqH~OARQ3t28NRRFZnZoHMK6fVV2DuUe61hjeZXO9w~b7jCM1OABCFe05mjqCSvyZbHKbBcE06-C9p4dgbe81azMjBa6w__&Key-Pair-Id=KK4HN3OO4AT5R,,Prime Video:https|Prime Video:https
Roman Holiday,1953,tt0046250,,2025-11-17T11:09:18.318Z,true,,,,,,,,,
Breakfast at Tiffany's,1961,tt0054698,,2025-11-17T11:09:18.318Z,false,1961,75,George Peppard is the struggling and 'sponsored' young writer who finds himself swept into Holly's dizzying; delightfully unstructured lifestyle as she determinedly scours Manhattan for a suitable millionaire to marry.,Comedy|Drama|Romance,110,,https://cdn.movieofthenight.com/show/2506/poster/vertical/en/480.jpg?Expires=1784737142&Signature=d~KB55pxo0S~q~RTTqTmeWi-rnuMYNSivLCyrgQl4Y~jFs1hODsQrSw-13ORNiptxbvIMKhppKoOGA39yEE8OFqWg02hZefBeIjIAybU0ENKbYIVhmXZ6BV44kQjKSs4iUNnqfFtVQhavzlklUbMDiu3y9Ogfc5a8EH~3TtgWaG9KkCEcrhA9NZnSj-HCCwK7xhZY0Sk72o6PLnqBSA4yq1kD8T2bBK6uf9~e34Ur0CuFvpHAovzxceWkC5itbHk4YbvifVk54OhvmPMKQowp9z4QnvGJAWpH06lJ6xH1uX1OKN0q6WBTowVvNBOcHUFRli-Z2go~GGbmc~H1lD-Sw__&Key-Pair-Id=KK4HN3OO4AT5R,Hulu:https,Prime Video:https|Prime Video:https
An Affair to Remember,1957,tt0050105,,2025-11-17T11:09:18.318Z,false,1957,73,Although engaged to others; two cruise-ship passengers fall in love and plan to reunite six months later atop the Empire State Building.,Drama|Romance,110,,https://cdn.movieofthenight.com/show/10981/poster/vertical/en/480.jpg?Expires=1784780822&Signature=UcuUQ--GrKcqZk2fJLYvKYmuWUHqbMC8S-9AxGLqy-NUyZciOf8PvGDsCELRMgM9pEKDZGc2rgXcfD7oxZh0ebYjdSt2qPOAsd~BNoaIcL6qkpv04XmP~Yo5bMMNtXKhl9rcPQqK26ePjvO5VcKtbDho60E-pbbaZ9bKG0C-o~IlhT~zc7d8fd-Ps6zJ1Nr-xZzM7HPVKlPpqekLJdCA2SDKk7B5jLvCOfHYi7bXJoYsQT0d-0y4DB2yzfzh30QAhyvobWfabZOdC3VSuQcQ~YuT3Fxcu8nmAvVw2rKXK7qAnrAp5R-F6b1sdiv3DTeECkjMsgxUFHxGYDjMzSCxeg__&Key-Pair-Id=KK4HN3OO4AT5R,,Prime Video:https|Prime Video:https|Prime Video:https
The Philadelphia Story,1940,tt0032904,,2025-11-17T11:09:18.318Z,false,1940,77,On the eve of her wedding; a wealthy woman gets caught in a bind when her ex-husband and a handsome reporter make an appearance in her life.,Comedy|Romance,107,,https://cdn.movieofthenight.com/show/6214/poster/vertical/en/480.jpg?Expires=1785522638&Signature=X6jNYVb~dz-vY7Fj9GCrPc94E~QwDCZxvxOMaHRaXS3oNi2jBwFNYpI7Y3JQdHSsC7xbA2dmsQ8zVlXdBar5nEhM-2WsgoT9FxQvb1vlGuJ03ku3cxt2-N8J7-~62h2m4XQECE5X8K5ZE37x9OUe39Bj3CQd3~KJaATwvS9GEGXKnGAW19nTC4v45tV5-uDEbJ6Pe4EELobs-CDuZ5tZydwoTmdgsOWq4b5pEBV0RRJZiqALMo8Yda6LN5p~5SFKKQjtpUKYhtruMBfoILKqJ0DDVxZds7-udXwpcQ1g~eMePq~Xxj~bjYcy1I4LSQlvF~oRKgwS6FypvZoCfdT6lA__&Key-Pair-Id=KK4HN3OO4AT5R,,Prime Video:https|Prime Video:https
Guess Who's Coming to Dinner,1967,tt0061735,,2025-11-17T11:09:18.318Z,false,1967,77,A daughter visits her family to introduce them to her Black fiancé; whose kindness and loving demeanor changes the hearts of her reluctant parents.,Drama,103,,https://cdn.movieofthenight.com/show/8447/poster/vertical/en/480.jpg?Expires=1784760636&Signature=LBE3LJxcSJkwtAJGbl869vHvlstSSwLpbxhN3ILEgnHVffQxmQc8F8He7EWykcFg10D3I2MRuPztvJcKG1B~pIZUntRuVwAc1O31Q3vxSHkl8Rk0xD85DNSr~yOg9Yeu2v6vQGsQs6RC-WJAEc3Bcr2~PQJpbCniVRtlHH~n0lM1fhaNg9Zsn5HogYP-sSbMPi6QUl~CUalEKIWd02ecTgycMuHblGagsAKADjb7SevJJaG4s0wyUyR9Bb~cu1qyu5mnipBNKOUzo6i4RLKD9pSFoUwbs5eVQcBeYx2W8ERdelLC8djmr2iL7juI3muzNm8BpBGeDekgs2FJe4zOXg__&Key-Pair-Id=KK4HN3OO4AT5R,,Prime Video:https|Prime Video:https|Prime Video:https
Cool Hand Luke,1967,tt0061512,,2025-11-17T11:09:18.318Z,false,1967,79,A brooding loner is sentenced to a prison chain gang; stands up to the Nazi-like guards.,Crime|Drama,121,,https://cdn.movieofthenight.com/show/2567/poster/vertical/en/480.jpg?Expires=1784737686&Signature=ZPH0fVFAccxFf5ldq0cfHVaovpAmFZ4zVv3em9u8PZYqOaLb56LV366a9IecqgtsJGFE1R5ybDXDzavu14fDNiXbnoQbm9zF5FU4wPUqN6q3pX-K2M~lug2CIKcdEHl057jEwaHr7ChPS1~-FWYiAuz-TczpkWaoNm5eywDLq5fbJYGrwvZn9CR-LRM8twtt38I2oNh3VeLMX5dLo3mdcblbaOl6fAQh8eCTc2KaldJ9Og~6OFj8OpmJSXmzlyputF~~yNRcGxMrDBSyX31CZt6Ifz2-Nw1wPm-xmIMPxvrhcKnALoOebPGFjIE8kdWZk6kA0UdqgXR63DCa7HGR7g__&Key-Pair-Id=KK4HN3OO4AT5R,,Prime Video:https|Prime Video:https
The Great Escape,1963,tt0057115,,2025-11-17T11:09:18.318Z,false,1963,81,The award-winning; high-energy World War II epic about a maximum-security Nazi POW camp that three U.S. military prisoners attempt to break out of.,Adventure|Drama|Thriller,172,,https://cdn.movieofthenight.com/show/1711/poster/vertical/en/480.jpg?Expires=1782483574&Signature=Mft7F3hrARJ1pGwKj6AHvevV7zQsDuBdgIT6S0LNH7RVi2L1WySOLPMnHJlm5FteGI87gUeXhHGTJmVbK7iUwR84l32egvHo-OV9BfxRgEyGbCAY1w-Z379RR2MiuKSaRkdtd~YAdXzZZqLcTd1jAFjiUpfkccKjYtj~lg--y3~z39zGNPTYL4qMlhWHOFCF-Zuh10Glm4Qex5Qr1uhDgOwMIJ9HZ5JS7NWX86EQRWhnx1kgBZ5xLvxroT0EO2zeWycvDeJbXAIZbfwQiv92U2Xvpwap7gg4NGDuM69s77Qtc4VSzypKg5zHkpRhjN9jNhq2iEeOUDPh9CGUe2joog__&Key-Pair-Id=KK4HN3OO4AT5R,,Prime Video:https|Prime Video:https|Prime Video:https
Sunset Boulevard,1950,tt0043014,,2025-11-17T11:09:18.318Z,true,,,,,,,,,
All About Eve,1950,tt0042192,,2025-11-17T11:09:18.318Z,false,1950,81,Classic multi-Oscar-winning comic drama. Keen fan Eve ingratiates herself into the life of sharp-tongued Broadway star Margo Channing; whose friends come to suspect the younger woman's intentions.,Drama,138,,https://cdn.movieofthenight.com/show/3488/poster/vertical/en/480.jpg?Expires=1784777997&Signature=GJz--IHUWse1zVctQG7wVMK2E9eVLlooJbTuScgxoDFZR~SlxVXOc7KdAnZsSZhqzKViIYn3~gs079mQynkFRXb-kf48-zwyVpnsYBGZWzKnBlI8T6~bGBq0crZoc7ua2D-27uqGfUKTM7Lnr3BM~285BnWybXVelD5unHUDwjQlLcduRgQnd36E7wBLilHZD1v~ZaBhWSjkCCZW7U4-spij0SDCLvdIJQz0~okFXGL7d8bwjpugV7ViHmGGI7m7SyMM1ny5R5Lk615eZQNdAxhe1AH5rP3ccqvuDr2h1SsP8l0yOtwo6G~9l7gTgDuPpIpGrF9PBcEd~SAD-~yRKA__&Key-Pair-Id=KK4HN3OO4AT5R,,Prime Video:https|Prime Video:https|Prime Video:https
Rear Window,1954,tt0047396,,2025-11-17T11:09:18.318Z,false,1954,84,When professional photographer J.B. “Jeff” Jeffries is confined to a wheelchair with a broken leg; he becomes obsessed with watching the private dramas of his neighbours play out across the courtyard. When he suspects a salesman may have murdered his nagging wife; Jeffries enlists the help of his glamorous socialite girlfriend to investigate the highly suspicious chain of events...,Mystery|Thriller,107,,https://cdn.movieofthenight.com/show/646/poster/vertical/en/480.jpg?Expires=1784701538&Signature=Uw7Lma3Sbk03nG70W6k1vjnYV-K8Um3VRjWpKTPbfr9Gz0nGKi9cvNH54MJiK5gTPEn68q9iv8s-QgnwZYC2ldlnbP-SpMzbqlXnkQREPiVJ5Qp-hX5ncDHl0wo4dXyV8t-4hTC2UyN01VT50XJyswlhYLexcHVwnfhed-C~QpfH6kEPZ-eCSLFtsRfgov40uMoR71nZpgISQeHq4TSpnZic91aYau4~LsXb9LV~UJK-QnXCWlmPzTWqDYZ7He8JzOpFNsJBbG-2eWC8HDVUbom4XBqPWTP8Ni5ykp1SrbOisVNVkYuHbO0khL3rywKr3rQcGD1yY9UEuJfCMpujvA__&Key-Pair-Id=KK4HN3OO4AT5R,Prime Video:https,Prime Video:https|Prime Video:https
North by Northwest,1959,tt0053125,,2025-11-17T11:09:18.318Z,false,1959,82,A lethal case of mistaken identity plunges a New York ad man into a race across the continent as he's pursued by foreign spies out to kill him.,Adventure|Mystery,130,,https://cdn.movieofthenight.com/show/1170/poster/vertical/en/480.jpg?Expires=1784696280&Signature=PYS2QUtpsIh0OjarJBZ5QZPO9L8Ec2BZ4iOTOmOz63nBO6VyuUnvXR86oVGkvmSab3orPz0He1E46O70fJsmuB3z4gcC13yZcmxBCv~fihHct5HCtgBdFrnN7Ho7569pvga01PSSHOEPF3y6dBtMLvew4U5lSRgE8ZQE1Osv7gX39z0Hz4sMCbxHx-7mzPkjTc~dlhVBP83Z7XUv1zlkr-he1srvkq29GbbylreqApqnZXLDbApNHk9y5fYNj-tieqb5Er7CMRaOO1SpZMseXksgJr4Hdoa4NNliWO379EmzcIBwEJw08Zg-tJv8v7t3lrIkLegT7IBDFxVzTFtx-w__&Key-Pair-Id=KK4HN3OO4AT5R,,Prime Video:https|Prime Video:https
Vertigo,1958,tt0052357,,2025-11-17T11:09:18.318Z,false,1958,81,Don't look down! One of Hitchcock's darkest and most compelling films tells the story of a police detective who has a crippling fear of heights. When an old friend asks him to tail his wife; he is drawn into a vortex of deceit; murder and obsession.,Mystery|Romance|Thriller,128,,https://cdn.movieofthenight.com/show/875/poster/vertical/en/480.jpg?Expires=1784699169&Signature=J8BSuRMmSqStePuo1gBR-VpKXa1enMICBuW31puE0K2BDRnUHLn8rIx4zoVpgtIePmQHwFFgM~51qK9eAsNab0r0hnh5xGJ4CPDH0PLDUCl~J0Vm17IMWnYEtTTlMspVi-gfJV~1tfdYx18rss09s6oophPBO-2ivqaq3V89cV0vHGFf29SzpB3aeze1XJQXs2zAwrvVqO8yv1hjvpTJRM24WNXdvsSUclDyhmKfAidXOrkegKg1AOUVWecqlJo6wVgMq0DliUjSizOUDVudtHBFo8u3mB3CQK~39fmgkmw5h2e3JVDP~tTynPTTouM99GRnv6QV9IwMIXbRDaB4Cg__&Key-Pair-Id=KK4HN3OO4AT5R,Prime Video:https,Prime Video:https|Prime Video:https
Psycho,1960,tt0054215,,2025-11-17T11:09:18.318Z,true,,,,,,,,,
The Birds,1963,tt0056869,,2025-11-17T11:09:18.318Z,false,1963,75,Socialite Melanie follows a handsome lawyer back to his coastal home. She is menaced by birds on the road and has to take cover as the aerial attacks intensify. Based on Daphne du Maurier's story.,Horror|Mystery,119,,https://cdn.movieofthenight.com/show/2355/poster/vertical/en/480.jpg?Expires=1784735749&Signature=IMIXQtCWlataOkDRZtHMJiZY5YF9wTm4HbOZULnW2HBDa~-GMxJwJiFWA42Px08WnFZvL06-sZqfPlYtTzQceF6zXNeZmyeGW2kFyTkqtYioRTzLm6kCvymFL9Hb3G5XB5NuIh9LOB34MCkhPd7KgkxCl~UC9se651KGl4qZqFovZaDaNTrcO8uRaA9bJjd-ZbtVwzDSW5Pzbk4PlzjVvPxfqdCbP9JkVFrpzqjuiB4IxL9vukxIAHMQ8G906MSj20zw4aIodBi69oxRDYCXPrpZGM75znwwuJYTB6evgorXm4razn8UZJJsSrpbI1NyGl4t6brFDOydV7Av1Fj4eg__&Key-Pair-Id=KK4HN3OO4AT5R,,Prime Video:https|Prime Video:https
Mr. Smith Goes to Washington,1939,tt0031679,,2025-11-17T11:09:18.318Z,true,,,,,,,,,
It Happened One Night,1934,tt0025316,,2025-11-17T11:09:18.318Z,false,1934,80,When a brash reporter starts trailing a runaway heiress on her bus trip from Florida to New York for a big scoop; can love be far behind?,Comedy|Romance,100,,https://cdn.movieofthenight.com/show/4415/poster/vertical/en/480.jpg?Expires=1784747044&Signature=k8tT946lXXc-fBLQylhESXI6-chQsTWrE5643BGkbsxnn5FvhyJnuEefdG93h963AI~Pan332yP2i30t44E7hvfmOYf6rZHfj2l5gsFOiaPhOl26zlWOpssGfvaJA1mnZGF7q8BD8aeihcd0030nP2xuU45~tmUxFKtnf~uiWwzGkdmID5zE406MrEO23d5a6GU052e8VpJtJOExVeCJ2cK~AYpAWsM~GzKFF0CYQ4H45UzaO9QTkV0bg5h-sypTltj44D-ai8vjuyqIHhWAomdQ7gDchL4nAOJbzbYb0bayrkfRw89ElFEQJH5OrviNmkPOdOEZm2gh4nfIDCRvTg__&Key-Pair-Id=KK4HN3OO4AT5R,,Prime Video:https|Prime Video:https
The Apartment,1960,tt0053604,,2025-11-17T11:09:18.318Z,false,1960,82,A corporate drone hatches a scheme for success: Let the execs use his apartment for “dates.” It goes beautifully; until his love interest gets hurt.,Comedy|Drama|Romance,120,,https://cdn.movieofthenight.com/show/2488/poster/vertical/en/480.jpg?Expires=1784736136&Signature=QR0M0lcIXzR6u9cLy6I0OXg51UWl7BNOzw0yV0-4VZZzjPb0UjDZnFSmwPVU1UQde-GKxWRGF7HnobiKU~BNLTf1mKyppFAJwfbCybgrMt6M5Jchdy3lfyhNBktAEIMkze5riH2-VzRfchbiqGtNOA-AOW4WjyhwWoIzwiuWunFbdGOVq0B6ytlRapkKacwCPNkMgtzQFjG~Rp0mwmcvnQqCHXl6bCkTWZrVXy8Zji8mINCB-ZNSMV7Rp5Cuc8cUjouGpka2JKUvlMbgiqQT4J6C7X6Q5CXMn22vMpjZ2u-K6~vjvXRZHUfb3Szvmbsru11n2wzKgZaA0~iIzIIR4Q__&Key-Pair-Id=KK4HN3OO4AT5R,,Prime Video:https|Prime Video:https|Prime Video:https
Some Like It Hot,1959,tt0053291,,2025-11-17T11:09:18.318Z,true,,,,,,,,,
The Sting,1973,tt0070735,,2025-11-17T11:09:18.318Z,false,1973,81,Two con men (Robert Redford and Paul Newman) team up to avenge the murder of a mutual friend by pulling off the ultimate big con and swindling a mobster (Robert Shaw) in director George Roy Hill's Academy Award winning Best Picture.,Comedy|Crime|Drama,129,,https://cdn.movieofthenight.com/show/1564/poster/vertical/en/480.jpg?Expires=1782485792&Signature=eP8HkKOaIplCEixri5bsaSLwx4cgupQC1QcNvYWzazhnC1F~JUkRZFquLdsDphGcuf1KVGmG9itJIbcHRPOVufMVvWS6niXLuo6h0JPSwiOYNhDE0B3W-1Iveqli2WYa0jXd50Bc784d6tyYwGJ1MF2Cnhk1PhLIE6PZzqi5hMr7LJ5dZh80Zz~rSFQgzCfW0XPzz7~nsb9F8OP-XffA0IrEqJpBblKbOFjn15yjE5CkG9FqAXNtGDG0xUrkOY9mfYsmsuDc5IzNHZHEYcbUM1a9zgcSeubnhaWcQUt55gcR4YfOhK4IEXuuTVfgA7DsfHvWQNJqGQroPICHU5lMmQ__&Key-Pair-Id=KK4HN3OO4AT5R,,Prime Video:https|Prime Video:https
Butch Cassidy and the Sundance Kid,1969,tt0064115,,2025-11-17T11:09:18.318Z,false,1969,79,Paul Newman and Robert Redford shine in the roles that will forever identify them as the daring; debonair outlaws on the run — and in love with the same beautiful woman (Katherine Ross).,Adventure|Crime,110,,https://cdn.movieofthenight.com/show/2045/poster/vertical/en/480.jpg?Expires=1784734448&Signature=XEdaygV2nHsv3J7NDKSphdV4Xc2GcCOwDN3IimVceMdxFQoC8brloFqeBpGT5licnEZMbMa6hlOVMjdPf8XZUcRlkic0OJw3DjElbUf5jt7c28iwYEaeMqtXCEpI8kZUdtkmG63O4l8TLiZIKkRNuNABrraKJpfvWsAPCJ9riYByom8GUXEgzEfD0JrI6irRfUlPsVnGUzNYDghxXX-DFKCiKEg7IAkNdt2OUy953jDtKfoFYUfezd2xCS0oqpleWw-ILBahDN0bS5Lg~SXfXmh0e~QP0FhzJN7MsrNqSh2-4YtztwxjkNFO67LrdxK1AR6ckVVhoq~B6sHqtx4IBQ__&Key-Pair-Id=KK4HN3OO4AT5R,,Prime Video:https|Prime Video:https
The Graduate,1967,tt0061722,,2025-11-17T11:09:18.318Z,true,,,,,,,,,
Midnight Cowboy,1969,tt0064665,,2025-11-17T11:09:18.318Z,false,1969,77,Fresh off the bus; a naive Texan hoping to get rich in New York City selling his body forms a co-dependency with a con man surviving on the streets.,Drama,108,,https://cdn.movieofthenight.com/show/4107/poster/vertical/en/480.jpg?Expires=1784725804&Signature=IHH4ghG6~BpwI6bosghErq~3r5KrHjTvxN7TEZi55yyEVDKWx3IhaOP6V8FXsjws-~YbSZvNKuuk5RvEyRB6T0aDPmB9XFSg9dYykSYL8OIe5VjN2uh4OSvyjkET9SsKqoK9HqUKR6kVnBETUoHRfTYXVxwE2d4uYloDSq0S51A-ZAPKCO9jFq9-3eALQl6C5IgY4N3kxWD9oE-poZn0pChoYsCULqGssE5jj3IARMxVC7NtXvztJIHdv21eSZvK5xB8wAZmyWUDlSiA58cA-bbwB6p4OvOONNkxDCJGQRX5BrRImJCf0W81QiZY9hoFhDcNeA4wVuIfPadfpKwEtw__&Key-Pair-Id=KK4HN3OO4AT5R,,Prime Video:https|Prime Video:https
Terms of Endearment,1983,tt0086425,,2025-11-17T11:09:18.318Z,false,1983,73,While widow Aurora fends off a stream of admirers; daughter Emma learns the hard facts of married life.,Comedy|Drama,132,,https://cdn.movieofthenight.com/show/6812/poster/vertical/en/480.jpg?Expires=1785432207&Signature=f4ETlVO45bqyaO4A~ceOlPFt3dveFoUm-OQhP2kVF8DuY1GxCFiMf~PJ602uzje-kHhXydCNyEcnnM-i4tzzx5c5rD~Tyjh~cRl2Guvn8z6cT7Yq159MZDy6ZrnoiB3IoJbL3w3cLpHyGvAKB1AnV9vtIOeI~kdc8dLEGcSePGZnh0Ep39FrTIuAFrv5F6FCqaS1MwMto6HtaHD4e8SWBa1zYUXzoahklVcXPbkcGwnQ3QOM1DFONSWVD4V59QPOcEZ9kYW6ydYKFABHrhFnOaGAwH~ejojipVUB-5S3kgRVqjWlb4u~yhWnIHCBJJ4YiWhe-L8aI4NTcWxXQ3XQLA__&Key-Pair-Id=KK4HN3OO4AT5R,Prime Video:https,Prime Video:https|Prime Video:https|Prime Video:https|Prime Video:https
The Longest Day,1962,tt0056197,,2025-11-17T11:09:18.318Z,false,1962,76,Allied forces prepare for a massive D-Day assault upon the beaches of Normandy during World War II.,Action|Drama|History,180,,https://cdn.movieofthenight.com/show/7311/poster/vertical/en/480.jpg?Expires=1785454571&Signature=c4eYV8~AbdxQD3L-mGh4s3DhXau6tJ~K4CPOUGZ2ydSIi-~xghTNqPyN1jveVp0zaJrgpV8DRu0qRuwiOBs16E96bNc707dDSBUntwhTwYMsL6ITJAkUhuIy3HnWeUUasWwhkn6004qlgTJ71i72oDqFyYErn7taX8Y5Dn74C9nSpwGeL~eY~6mQlkPkgs866~E2aZOM1wAgYa2q3tDbYP1gCLLfE1Sghh8WuB0kof8O9quRBQJ5JRftNXmdGIOCYVPLefnLJqdBuA~QBT7YH7x3XSfzxZt~r8TxYbTAmZqBZFQaUH86Zg76z8Q7MEyeNADEs0o0Uu1V1HH-YaS8nw__&Key-Pair-Id=KK4HN3OO4AT5R,,Prime Video:https|Prime Video:https
Patton,1970,tt0066206,,2025-11-17T11:09:18.318Z,false,1970,78,This critically acclaimed; 1970 Best Picture Academy Award® Winner is a riveting portrait of one of the 20th century's greatest military geniuses. The only Allied general truly feared by the Nazis; George S. Patton (George C. Scott in a Best Actor OSCAR®-winning performance); Patton out-maneuvered Rommel in Africa; and after D-Day led his troops in an unstoppable campaign across Europe.,Drama|War,164,,https://cdn.movieofthenight.com/show/4486/poster/vertical/en/480.jpg?Expires=1782745575&Signature=kXU2p9jdHH0oqQ6VyHmJDgJkpl4CgeEP0p793vDhKuW~3JYWdEsjatV-OYKAFcNpJfVpoJ3PAbry680fynGrv1L2I7mOHB~4bPvdPaW8GtpmjjfwzCNfhk4XewLxr1TUwLilQoFGCtO6XYpuyRKi1giT97OZWff3pkK46pjZCn0kQVdqFivJ-U7uysS~9r~~J3IZOT2Jp00SeXxCl2QAJm0Vev60maw320lJ1xjWlw86n4mdNbAFsGPzDPZqxXxRI6Tq8v~JM5MK9T3hf5PRNjDlgUJZhEcsiV-F3HpEdJ8YAGRQkhiPkmJmwJfZcbtJ7UXnmuFOKeArEmr~VM4GkA__&Key-Pair-Id=KK4HN3OO4AT5R,,Prime Video:https|Prime Video:https
The Princess Bride,1987,tt0093779,,2025-11-17T11:09:18.318Z,false,1987,79,A fairytale adventure about a beautiful young woman and her one true love; who must find and save her after a long separation. To be reunited; they’ll battle the evils of the mythical kingdom of Florin; in this classic tale of love and escapades.,Adventure|Comedy|Family,93,,https://cdn.movieofthenight.com/show/791/poster/vertical/en/480.jpg?Expires=1784699838&Signature=MDL6fqDLTxvq4rt1jNNeTYneHDTagIVRHcUuaJTMuZ~1S3jINOc8TLGi8ypAOKRuff7HLTvazF2yw9ANWZd6B8qv3s-ajSiE255Q1HvGiyC1zQ2ziQlgULkkf9i87jc-LyO6TxEGhsalWqMMGYseS5De0L5xsqLb3EuI0yLvgGE4RnPHqUTM8AlF~gTi19zsV75mQz7II-KXJW2gB8oKQ~uerDOy-ZTPBEeaLTyG-doR9HMbvi317VREmeKlwrSISHC3POAyw0gzQEDq07DZ5AvJbuN5o7~UniUWJUoV7hNfhlEVRqosDI2XsNiV1cSC~XfYmf9c5Cxe0kJl~HIULA__&Key-Pair-Id=KK4HN3OO4AT5R,Disney+:https|Hulu:https,Prime Video:https
The Music Man,1962,tt0056262,,2025-11-17T11:09:18.318Z,false,1962,75,After convincing Iowa townsfolk to invest in a boys' marching band; a traveling con man's scheme is complicated by his feelings for a local librarian.,Comedy|Family,151,,https://cdn.movieofthenight.com/show/15436/poster/vertical/en/480.jpg?Expires=1784790513&Signature=KnTXXKEi5wJ2xQ5pvSQmA~ZhElaTiH1UEjt4Rg-hH~TlWz0BDRGLM8VfpHszEQVb36aIZVkNIOI8iO2mT74XE6lAcxzod6bbnYgfaIessNuB3ehnN8ROYlxmxPN7jML7DlrZdY8wCVjHSWmNiOEauPUAWxzGJEzpsphT3Q8dc7Wz8T~UWUS28-r6ckRj0Ub2fdom3WRO0V-ZspmGD9qNHn0jiArkcqOoP25LZYr3SOna53QGq9-fUOL0hVxUgTQUB13ndOrqMP4Q9M9Q1ZaeT0dQ0LpyityEzQVt21pAOCl8Z8pdu0pKGYdM0Xzx6UYQADKhvubhOE26Dudj6X-K6A__&Key-Pair-Id=KK4HN3OO4AT5R,,Prime Video:https|Prime Video:https|Prime Video:https|Prime Video:https
On Golden Pond,1981,tt0082846,,2025-11-17T11:09:18.318Z,false,1981,75,At Golden Pond; a couple agree to care of Billy; the son of their daughter Chelsea's new boyfriend; and a most unexpected relationship blooms.,Drama,109,,https://cdn.movieofthenight.com/show/10760/poster/vertical/en/480.jpg?Expires=1785521281&Signature=WEgL7AVUcfmGmA97w8l0O-hvml5CkxvLSK10c2c8T3fikGRpp-LzGc1~yNjb8vctkQ~y8rYipZyDiWKFuFNmywoDs3pCZl4-3hMeiTCDs~P-z38qsY5BFtGzWqQwjyTOY4G8TM5lLvHEbAe8M-u3~QNe~xJuuur9xu6ARnbUdbkUuaEP8Ul2dpQzMT5J8uOAlJ~dkJ4-l3LSrAkxRTWvE8hhB6rMh1DrY6Q2pwpexP5oe90kLDlwBlsnIPG32YMFdWFm7uPk87dPFj8oBP82QuIDFfLFuXgspADX8-tVY32jl3AGe1pZszGIA7kcsEl3wbnNMCyh2ATCcF0~0q66DA__&Key-Pair-Id=KK4HN3OO4AT5R,,Prime Video:https|Prime Video:https|Prime Video:https|Prime Video:https|Prime Video:https|Prime Video:https|Prime Video:https|Prime Video:https|Prime Video:https|Prime Video:https|Prime Video:https
The King and I,1956,tt0049408,,2025-11-17T11:09:18.318Z,true,,,,,,,,,
Midway,2019,tt6924650,,2025-11-17T11:09:18.318Z,false,2019,68,Based on real events; this is the story of the leaders and soldiers who used their instincts; fortitude and bravery to overcome the odds in the Battle of Midway between the US Navy and the Imperial Japanese Navy; a pivotal turning point in WWII.,Action|History,138,,https://cdn.movieofthenight.com/show/5216/poster/vertical/en/480.jpg?Expires=1784781565&Signature=YsOcINvTRG57f~G94kTHP19VcaQEw9szxIwXiw~orLHc~SHGRZOlSEymhBU183cZzkzZCGUchUbPcpl98JEYoI0fMGxyYDt0wFApogIjJMWMHFYu3Yd9VUGwvG-E20rfa8ZlFajPnEPf9yTxJH6MbhVLSTxalxte44LA478TVUTaLjPDX8hSkjKJ4h~vh58k4KhrVkDOYhVTi~1FRErx0Q-pPWbVL98JQGVRVFfqXg1npvIbzD77S1THMQYskzkQC1Q~Z3UPro6PrLE8CDz4-jC5q54q4Tt0a6NuGzX~WaumtYDkvOWUOcbgtgMnRTAHH9UdY5M~je93pf3n0amWUg__&Key-Pair-Id=KK4HN3OO4AT5R,Disney+:https|Netflix:https,Prime Video:https|Prime Video:https
Friendly Persuasion,1956,tt0049214,,2025-11-17T11:09:18.318Z,true,,,,,,,,,
Calamity Jane,1953,tt0045591,,2025-11-17T11:09:18.318Z,false,1953,71,"Doris Day and Howard Keel star as ""Calamity"" Jane and ""Wild Bill""Hickock in this lighthearted musical based on the lives of two realcelebrities of the American West.",Comedy|Romance,97,,https://cdn.movieofthenight.com/show/21605/poster/vertical/en/480.jpg?Expires=1784727455&Signature=CEkwywct6J62FcFC489cXPMVakZhtztJ3-5k6RdUzuJzZ~2CdOWZNhY1iowtA8TAn-C4HNUqzI1GbcAENSUOcBntPiNigAvuJe82PKaXOUuS~s7MciBv7K8gTbhibTicvwc3xV5pdgS-Cmxe9CKoqTGy7ggonYbMl9NKY5cnqZ0O~b54QhniL-hPOvuy6BaeXICqv825R3n4UXwo6mHE4lChivOjJSaayYZIMhhBika4UocA-6lknvI9AjWKMBAIFcPzi~ADbn7Jfryv6Mp3N~UJa4-Pk2Sz~BmkYxaDzyv34P8YloXDtnyTDrzRpzZclSHhQb4kN2-aTs9rKRREyw__&Key-Pair-Id=KK4HN3OO4AT5R,,Prime Video:https|Prime Video:https|Prime Video:https
The Quiet Man,1952,tt0045061,,2025-11-17T11:09:18.318Z,false,1952,76,A tired American ex-boxer returns to his native hamlet in Ireland to win the hand of a spirited young woman.  He is confronted by strict local customs and the woman's belligerent brother.  Set in the verdant Irish countryside; this lively film has beautiful scenery; brilliant repartee; and local charm.,Comedy|Drama|Romance,129,,https://cdn.movieofthenight.com/show/9355/poster/vertical/en/480.jpg?Expires=1785467214&Signature=TmFRtG5g3r1VXot7wMF0kMX0kiYGKZ2AKDRr0CUzNqRkf2OqXRSNFTkMsaAWgyU6b212hvkhG6gDQL9n-evBV5P8XzVVJAzjfBbDcOE5DTnfGqQnmTF8JCCTIeyNshQl47rfi1Q6dTlOvy7Gx~sK7tnoqrvzhnrfIs07ntSjBHmLCFkC3qvgNes~pGDwodnUhJ9z9RHuTUu7hVaO5cjSMGB9kpTKGU31LcXlxyxig362B2zMqJJk9dC-WKSgiWKri5gYLgypJ-Cm3BfaBDGCwJosMmGr04jADk2vwIoh4Ei4Qlxn15Km9xPB82aNKa0WrvO1-TBLqsQ~RXojDuMEYA__&Key-Pair-Id=KK4HN3OO4AT5R,,Prime Video:https|Prime Video:https|Prime Video:https|Prime Video:https|Prime Video:https
Meet Me in St. Louis,1944,tt0037059,,2025-11-17T11:09:18.318Z,true,,,,,,,,,
Oklahoma!,1955,tt0048445,,2025-11-17T11:09:18.318Z,false,1955,69,With a box social swiftly approaching; two cowboys compete for the affections of their sweethearts; attempting to one-up the womens’ other suitors.,Romance,140,,https://cdn.movieofthenight.com/show/18549/poster/vertical/en/480.jpg?Expires=1784770464&Signature=YopR-2e-Vg9L~E0R2gxnoJ9m207XpduULdjMh9Gw6SN-WyRJfgw8rbUKN3JnERsg2OYgwbRjYF2qBTJDOJ8NLUNMb23dhxuJ3lED6G3aEaFedzYNIV5-fBtUSosVMlpzZP3LoDKHsMGibx01YKEWd2wCoQA8LU5tfKdSW7WlfUF~Y-XjmrQChhzhPgBdvpvk-OhC4lWgT7iQskycHVTfTXYqShFf6JZggF-Tm9Y7xT0Pq-Y45kLzZ7urVM9TSxOK0CV6vXAs9URV9hWkzVXG0P9IhIOQMgpwNBniv-HtcpOUsSkL-vUFQR3pmFyND70b8DOm3bpvcDigGLlBE-Pq2A__&Key-Pair-Id=KK4HN3OO4AT5R,Prime Video:https,Prime Video:https|Prime Video:https
The African Queen,1951,tt0043265,,2025-11-17T11:09:18.318Z,false,1951,76,Adapted from the novel by C.S. Forester; The African Queen (1951) directed by John Huston stars Humphrey Bogart in his Academy Award-winning portrayal of Charlie Allnut; the slovenly; gin-swilling captain of a tramp steamer called the African Queen; which ships supplies to small East African villages during World War I.,Adventure|Drama|Romance,105,,https://cdn.movieofthenight.com/show/5594/poster/vertical/en/480.jpg?Expires=1786631490&Signature=c~ylJ~-K0fb9p5WNw5rZKpuhIbU6vBHB2ULgpfy5FZz30pJqm8Hv3yj1glx~HhC-brhcMNLdFI7VdgiB5WwNYA2Le5dGOhVaHmgvYI-e3V~iOzK~8AxYdLg5B-95us3L7MSy5~cuy1PBTFT9TmSuYmj-ymT2C7ADSjBrSvgLn7wCDg-bL51tCuBK5-dSPYhV6XGBxXKMz41RfD1WSKJ7NYtx1wkTAnjWDKrM7nN53pEFPNPKSV3~F5AoDC6BTUReKj5qzOGIxx7p7piRXZaLFCjTyTCgAAMOEJ3Nu~vkoP5TiYKFnDV5l2p-DaDZ9gF~dTLNxT4b~EIZ9B8MP0mmvA__&Key-Pair-Id=KK4HN3OO4AT5R,,Prime Video:https|Prime Video:https
The Great Race,1965,tt0059243,,2025-11-17T11:09:18.318Z,false,1965,71,Set in 1908; dastardly; black-garbed Professor Fate dares the world's greatest hero; The Great Leslie; to race 22;000 miles from New York to Paris.,Action|Adventure|Comedy,146,,https://cdn.movieofthenight.com/show/15175/poster/vertical/en/480.jpg?Expires=1784798727&Signature=AJ-qisav6fbTNDe5B5V1K-kmw~6~WG4r-YBXdaxgZKHarZ3Rcp6BSTRwmsIyaiSDSETuecw6nmd9cOnnXlmlFtU7aGzkIvWIKRXBZjD-NIR8Aedho36j~GcTMyMTP2bxGd7gLud0q30FSegd0YBXZXbjMMjaJ0OCOcjtGviJ0N9EdXsVVjPtC3pbIpiSWvfqvAvl6ShjD1Xayglw5AhO4DKpMLw-AzprkBJOe8OgZzwjgyQoAj8eJp3W62ndSlQNf9A-atLWoCQcYHYP5lgac3eUVfGFo7tCXKDDkRBvf1Z9FYPE8yfTw24fQd-UQu5X-Cbk6suCADLzTk1tUEEWIQ__&Key-Pair-Id=KK4HN3OO4AT5R,,Prime Video:https|Prime Video:https
Shenandoah,1965,tt0059715,,2025-11-17T11:09:18.318Z,true,,,,,,,,,
Giant,1956,tt0049261,,2025-11-17T11:09:18.318Z,false,1956,76,A wealthy Texan marries a strong beautiful girl and their adjustments to life are interwoven with problems of Mexican workers and an ambitious ranch hand who becomes an oil tycoon.,Drama|Western,201,,https://cdn.movieofthenight.com/show/9304/poster/vertical/en/480.jpg?Expires=1784797592&Signature=lnzRtGg8ZZ3L96bB70yHv0TVk395kglUoKl4E4LPfXbLL8Osw6jwlvdwWl2N2CSmjPNh4PwmTknHZO6ROYZVK1TZDWq4eGrXR8p34eDWo4asgmzl5pGzwRfmePvY5tc-IdH0ZQnuna6eTQEV~8jPN7mP2zK4M5Eqvk1wEuPdFams2XIVP-Ju5HYtOYMv9CDqrwMTJN0Yspwn1~iTdBQffg4QBVONAK25X3-xcpYdQaclVH2wwbwaKt~OBkpYAg0SMClKDIXcmoxAFOKzFHwC8tMn4Fz7Q37z-i7Cr7AMrdV7RVXP7sZgdHOCf~l26rmCjgbap9LHoo~3QTy4vF2UOw__&Key-Pair-Id=KK4HN3OO4AT5R,,Prime Video:https|Prime Video:https
7 Brides for 7 Brothers,1954,tt0046824,,2025-11-17T11:09:18.318Z,true,,,,,,,,,
Carousel,1956,tt0048983,,2025-11-17T11:09:18.318Z,true,,,,,,,,,
South Pacific,1958,tt0052225,,2025-11-17T11:09:18.318Z,false,1958,66,On a South Pacific island during World War II; love blooms between a young nurse and a secretive Frenchman courted for a dangerous military mission.,Romance,157,,https://cdn.movieofthenight.com/show/23122/poster/vertical/en/480.jpg?Expires=1782776464&Signature=cgWQf79Bt1B9YyAqwOaF8ZiSvNQjhu83ycvTyvs3~tFqVqnbkJ-Ng6VnkoUyyRHqAV5acsfxu-sOXSOYCP2IjjBCasH~IiuPiSx4BQlypONIWPBEjpsB77kRqczvS~nam6RYiIN9z0Xq~4iFqcng84IIG5UmENTlVJCNN10cjH6ejVPkqXYDj04JhrDYUh40YwVUitxUAxaGdIBQsqtzcy91UoiQs0yC-YulGYTkBhhBpiqsceUVmdsPj219qQK90AA-FHPPr1xPqcvbuDwfHuH9GRxy4lmpzBotxx-Afw7o-d-SsKTqJ5cHx1bg-uNr9-OZDM6gFvSZ5a5gJOpIZw__&Key-Pair-Id=KK4HN3OO4AT5R,Prime Video:https,Prime Video:https|Prime Video:https
